Div,Date,Time,HomeTeam,AwayTeam,FTHG,FTAG,FTR,HTHG,HTAG,HTR,Winner,HREMONTADA,AREMONTADA,Referee
E0,11/08/2023,20:00,Burnley,Man City,0,3,A,0,2,A,Man City,0,0,C Pawson
E0,12/08/2023,12:30,Arsenal,Nott'm Forest,2,1,H,2,0,H,Arsenal,0,0,M Oliver
E0,12/08/2023,15:00,Bournemouth,West Ham,1,1,D,0,0,D,Draw,0,0,P Bankes
E0,12/08/2023,15:00,Brighton,Luton,4,1,H,1,0,H,Brighton,0,0,D Coote
E0,12/08/2023,15:00,Everton,Fulham,0,1,A,0,0,D,Fulham,0,0,S Attwell
E0,12/08/2023,15:00,Sheffield United,Crystal Palace,0,1,A,0,0,D,Crystal Palace,0,0,J Brooks
E0,12/08/2023,17:30,Newcastle,Aston Villa,5,1,H,2,1,H,Newcastle,0,0,A Madley
E0,13/08/2023,14:00,Brentford,Tottenham,2,2,D,2,2,D,Draw,0,0,R Jones
E0,13/08/2023,16:30,Chelsea,Liverpool,1,1,D,1,1,D,Draw,0,0,A Taylor
E0,14/08/2023,20:00,Man United,Wolves,1,0,H,0,0,D,Man United,0,0,S Hooper
E0,18/08/2023,19:45,Nott'm Forest,Sheffield United,2,1,H,1,0,H,Nott'm Forest,0,0,P Bankes
E0,19/08/2023,15:00,Fulham,Brentford,0,3,A,0,1,A,Brentford,0,0,D Bond
E0,19/08/2023,15:00,Liverpool,Bournemouth,3,1,H,2,1,H,Liverpool,0,0,T Bramall
E0,19/08/2023,15:00,Wolves,Brighton,1,4,A,0,1,A,Brighton,0,0,A Madley
E0,19/08/2023,17:30,Tottenham,Man United,2,0,H,0,0,D,Tottenham,0,0,M Oliver
E0,19/08/2023,20:00,Man City,Newcastle,1,0,H,1,0,H,Man City,0,0,R Jones
E0,20/08/2023,14:00,Aston Villa,Everton,4,0,H,2,0,H,Aston Villa,0,0,A Taylor
E0,20/08/2023,16:30,West Ham,Chelsea,3,1,H,1,1,D,West Ham,0,0,J Brooks
E0,21/08/2023,20:00,Crystal Palace,Arsenal,0,1,A,0,0,D,Arsenal,0,0,D Coote
E0,25/08/2023,20:00,Chelsea,Luton,3,0,H,1,0,H,Chelsea,0,0,R Jones
E0,26/08/2023,12:30,Bournemouth,Tottenham,0,2,A,0,1,A,Tottenham,0,0,T Robinson
E0,26/08/2023,15:00,Arsenal,Fulham,2,2,D,0,1,A,Draw,0,0,P Tierney
E0,26/08/2023,15:00,Brentford,Crystal Palace,1,1,D,1,0,H,Draw,0,0,P Bankes
E0,26/08/2023,15:00,Everton,Wolves,0,1,A,0,0,D,Wolves,0,0,C Pawson
E0,26/08/2023,15:00,Man United,Nott'm Forest,3,2,H,1,2,A,Man United,1,0,S Attwell
E0,26/08/2023,17:30,Brighton,West Ham,1,3,A,0,1,A,West Ham,0,0,A Taylor
E0,27/08/2023,14:00,Burnley,Aston Villa,1,3,A,0,2,A,Aston Villa,0,0,M Salisbury
E0,27/08/2023,14:00,Sheffield United,Man City,1,2,A,0,0,D,Man City,0,0,J Gillett
E0,27/08/2023,16:30,Newcastle,Liverpool,1,2,A,1,0,H,Liverpool,0,1,J Brooks
E0,01/09/2023,20:00,Luton,West Ham,1,2,A,0,1,A,West Ham,0,0,P Tierney
E0,02/09/2023,12:30,Sheffield United,Everton,2,2,D,2,1,H,Draw,0,0,A Madley
E0,02/09/2023,15:00,Brentford,Bournemouth,2,2,D,1,1,D,Draw,0,0,R Madley
E0,02/09/2023,15:00,Burnley,Tottenham,2,5,A,1,2,A,Tottenham,0,0,D England
E0,02/09/2023,15:00,Chelsea,Nott'm Forest,0,1,A,0,0,D,Nott'm Forest,0,0,T Robinson
E0,02/09/2023,15:00,Man City,Fulham,5,1,H,2,1,H,Man City,0,0,M Oliver
E0,02/09/2023,17:30,Brighton,Newcastle,3,1,H,1,0,H,Brighton,0,0,S Attwell
E0,03/09/2023,14:00,Crystal Palace,Wolves,3,2,H,0,0,D,Crystal Palace,0,0,R Jones
E0,03/09/2023,14:00,Liverpool,Aston Villa,3,0,H,2,0,H,Liverpool,0,0,S Hooper
E0,03/09/2023,16:30,Arsenal,Man United,3,1,H,1,1,D,Arsenal,0,0,A Taylor
E0,16/09/2023,12:30,Wolves,Liverpool,1,3,A,1,0,H,Liverpool,0,1,M Oliver
E0,16/09/2023,15:00,Aston Villa,Crystal Palace,3,1,H,0,0,D,Aston Villa,0,0,D England
E0,16/09/2023,15:00,Fulham,Luton,1,0,H,0,0,D,Fulham,0,0,M Salisbury
E0,16/09/2023,15:00,Man United,Brighton,1,3,A,0,1,A,Brighton,0,0,J Gillett
E0,16/09/2023,15:00,Tottenham,Sheffield United,2,1,H,0,0,D,Tottenham,0,0,P Bankes
E0,16/09/2023,15:00,West Ham,Man City,1,3,A,1,0,H,Man City,0,1,A Madley
E0,16/09/2023,17:30,Newcastle,Brentford,1,0,H,0,0,D,Newcastle,0,0,C Pawson
E0,17/09/2023,14:00,Bournemouth,Chelsea,0,0,D,0,0,D,Draw,0,0,D Coote
E0,17/09/2023,16:30,Everton,Arsenal,0,1,A,0,0,D,Arsenal,0,0,S Hooper
E0,18/09/2023,19:45,Nott'm Forest,Burnley,1,1,D,0,1,A,Draw,0,0,R Jones
E0,23/09/2023,15:00,Crystal Palace,Fulham,0,0,D,0,0,D,Draw,0,0,P Tierney
E0,23/09/2023,15:00,Luton,Wolves,1,1,D,0,0,D,Draw,0,0,J Smith
E0,23/09/2023,15:00,Man City,Nott'm Forest,2,0,H,2,0,H,Man City,0,0,A Taylor
E0,23/09/2023,17:30,Brentford,Everton,1,3,A,1,1,D,Everton,0,0,M Oliver
E0,23/09/2023,20:00,Burnley,Man United,0,1,A,0,1,A,Man United,0,0,T Harrington
E0,24/09/2023,14:00,Arsenal,Tottenham,2,2,D,1,1,D,Draw,0,0,R Jones
E0,24/09/2023,14:00,Brighton,Bournemouth,3,1,H,1,1,D,Brighton,0,0,J Brooks
E0,24/09/2023,14:00,Chelsea,Aston Villa,0,1,A,0,0,D,Aston Villa,0,0,J Gillett
E0,24/09/2023,14:00,Liverpool,West Ham,3,1,H,1,1,D,Liverpool,0,0,C Kavanagh
E0,24/09/2023,16:30,Sheffield United,Newcastle,0,8,A,0,3,A,Newcastle,0,0,S Attwell
E0,30/09/2023,12:30,Aston Villa,Brighton,6,1,H,3,0,H,Aston Villa,0,0,A Madley
E0,30/09/2023,15:00,Bournemouth,Arsenal,0,4,A,0,2,A,Arsenal,0,0,M Salisbury
E0,30/09/2023,15:00,Everton,Luton,1,2,A,1,2,A,Luton,0,0,A Taylor
E0,30/09/2023,15:00,Man United,Crystal Palace,0,1,A,0,1,A,Crystal Palace,0,0,C Kavanagh
E0,30/09/2023,15:00,Newcastle,Burnley,2,0,H,1,0,H,Newcastle,0,0,T Bramall
E0,30/09/2023,15:00,West Ham,Sheffield United,2,0,H,2,0,H,West Ham,0,0,G Scott
E0,30/09/2023,15:00,Wolves,Man City,2,1,H,1,0,H,Wolves,0,0,C Pawson
E0,30/09/2023,17:30,Tottenham,Liverpool,2,1,H,1,1,D,Tottenham,0,0,S Hooper
E0,01/10/2023,14:00,Nott'm Forest,Brentford,1,1,D,0,0,D,Draw,0,0,P Tierney
E0,02/10/2023,20:00,Fulham,Chelsea,0,2,A,0,2,A,Chelsea,0,0,T Robinson
E0,03/10/2023,19:30,Luton,Burnley,1,2,A,0,1,A,Burnley,0,0,P Bankes
E0,07/10/2023,12:30,Luton,Tottenham,0,1,A,0,0,D,Tottenham,0,0,J Brooks
E0,07/10/2023,15:00,Burnley,Chelsea,1,4,A,1,1,D,Chelsea,0,0,S Attwell
E0,07/10/2023,15:00,Everton,Bournemouth,3,0,H,2,0,H,Everton,0,0,D Coote
E0,07/10/2023,15:00,Fulham,Sheffield United,3,1,H,0,0,D,Fulham,0,0,S Barrott
E0,07/10/2023,15:00,Man United,Brentford,2,1,H,0,1,A,Man United,1,0,A Madley
E0,07/10/2023,17:30,Crystal Palace,Nott'm Forest,0,0,D,0,0,D,Draw,0,0,C Pawson
E0,08/10/2023,14:00,Brighton,Liverpool,2,2,D,1,2,A,Draw,0,0,A Taylor
E0,08/10/2023,14:00,West Ham,Newcastle,2,2,D,1,0,H,Draw,0,0,P Bankes
E0,08/10/2023,14:00,Wolves,Aston Villa,1,1,D,0,0,D,Draw,0,0,R Jones
E0,08/10/2023,16:30,Arsenal,Man City,1,0,H,0,0,D,Arsenal,0,0,M Oliver
E0,21/10/2023,12:30,Liverpool,Everton,2,0,H,0,0,D,Liverpool,0,0,C Pawson
E0,21/10/2023,15:00,Bournemouth,Wolves,1,2,A,1,0,H,Wolves,0,1,P Tierney
E0,21/10/2023,15:00,Brentford,Burnley,3,0,H,1,0,H,Brentford,0,0,J Smith
E0,21/10/2023,15:00,Man City,Brighton,2,1,H,2,0,H,Man City,0,0,R Jones
E0,21/10/2023,15:00,Newcastle,Crystal Palace,4,0,H,3,0,H,Newcastle,0,0,T Robinson
E0,21/10/2023,15:00,Nott'm Forest,Luton,2,2,D,0,0,D,Draw,0,0,S Barrott
E0,21/10/2023,17:30,Chelsea,Arsenal,2,2,D,1,0,H,Draw,0,0,C Kavanagh
E0,21/10/2023,20:00,Sheffield United,Man United,1,2,A,1,1,D,Man United,0,0,M Oliver
E0,22/10/2023,16:30,Aston Villa,West Ham,4,1,H,1,0,H,Aston Villa,0,0,D Coote
E0,23/10/2023,20:00,Tottenham,Fulham,2,0,H,1,0,H,Tottenham,0,0,A Taylor
E0,27/10/2023,20:00,Crystal Palace,Tottenham,1,2,A,0,0,D,Tottenham,0,0,A Madley
E0,28/10/2023,12:30,Chelsea,Brentford,0,2,A,0,0,D,Brentford,0,0,S Hooper
E0,28/10/2023,15:00,Arsenal,Sheffield United,5,0,H,1,0,H,Arsenal,0,0,T Robinson
E0,28/10/2023,15:00,Bournemouth,Burnley,2,1,H,1,1,D,Bournemouth,0,0,S Barrott
E0,28/10/2023,17:30,Wolves,Newcastle,2,2,D,1,2,A,Draw,0,0,A Taylor
E0,29/10/2023,13:00,West Ham,Everton,0,1,A,0,0,D,Everton,0,0,S Attwell
E0,29/10/2023,14:00,Aston Villa,Luton,3,1,H,1,0,H,Aston Villa,0,0,J Brooks
E0,29/10/2023,14:00,Brighton,Fulham,1,1,D,1,0,H,Draw,0,0,M Salisbury
E0,29/10/2023,14:00,Liverpool,Nott'm Forest,3,0,H,2,0,H,Liverpool,0,0,C Kavanagh
E0,29/10/2023,15:30,Man United,Man City,0,3,A,0,1,A,Man City,0,0,P Tierney
E0,04/11/2023,12:30,Fulham,Man United,0,1,A,0,0,D,Man United,0,0,J Brooks
E0,04/11/2023,15:00,Brentford,West Ham,3,2,H,1,2,A,Brentford,1,0,T Bramall
E0,04/11/2023,15:00,Burnley,Crystal Palace,0,2,A,0,1,A,Crystal Palace,0,0,P Bankes
E0,04/11/2023,15:00,Everton,Brighton,1,1,D,1,0,H,Draw,0,0,T Robinson
E0,04/11/2023,15:00,Man City,Bournemouth,6,1,H,3,0,H,Man City,0,0,C Pawson
E0,04/11/2023,15:00,Sheffield United,Wolves,2,1,H,0,0,D,Sheffield United,0,0,R Jones
E0,04/11/2023,17:30,Newcastle,Arsenal,1,0,H,0,0,D,Newcastle,0,0,S Attwell
E0,05/11/2023,14:00,Nott'm Forest,Aston Villa,2,0,H,1,0,H,Nott'm Forest,0,0,J Gillett
E0,05/11/2023,16:30,Luton,Liverpool,1,1,D,0,0,D,Draw,0,0,A Madley
E0,06/11/2023,20:00,Tottenham,Chelsea,1,4,A,1,1,D,Chelsea,0,0,M Oliver
E0,11/11/2023,12:30,Wolves,Tottenham,2,1,H,0,1,A,Wolves,1,0,T Robinson
E0,11/11/2023,15:00,Arsenal,Burnley,3,1,H,1,0,H,Arsenal,0,0,M Oliver
E0,11/11/2023,15:00,Crystal Palace,Everton,2,3,A,1,1,D,Everton,0,0,S Barrott
E0,11/11/2023,15:00,Man United,Luton,1,0,H,0,0,D,Man United,0,0,G Scott
E0,11/11/2023,17:30,Bournemouth,Newcastle,2,0,H,0,0,D,Bournemouth,0,0,C Kavanagh
E0,12/11/2023,14:00,Aston Villa,Fulham,3,1,H,2,0,H,Aston Villa,0,0,S Hooper
E0,12/11/2023,14:00,Brighton,Sheffield United,1,1,D,1,0,H,Draw,0,0,J Brooks
E0,12/11/2023,14:00,Liverpool,Brentford,3,0,H,1,0,H,Liverpool,0,0,P Tierney
E0,12/11/2023,14:00,West Ham,Nott'm Forest,3,2,H,1,1,D,West Ham,0,0,M Salisbury
E0,12/11/2023,16:30,Chelsea,Man City,4,4,D,2,2,D,Draw,0,0,A Taylor
E0,25/11/2023,12:30,Man City,Liverpool,1,1,D,1,0,H,Draw,0,0,C Kavanagh
E0,25/11/2023,15:00,Burnley,West Ham,1,2,A,0,0,D,West Ham,0,0,S Barrott
E0,25/11/2023,15:00,Luton,Crystal Palace,2,1,H,0,0,D,Luton,0,0,J Gillett
E0,25/11/2023,15:00,Newcastle,Chelsea,4,1,H,1,1,D,Newcastle,0,0,S Hooper
E0,25/11/2023,15:00,Nott'm Forest,Brighton,2,3,A,1,2,A,Brighton,0,0,A Taylor
E0,25/11/2023,15:00,Sheffield United,Bournemouth,1,3,A,0,2,A,Bournemouth,0,0,A Madley
E0,25/11/2023,17:30,Brentford,Arsenal,0,1,A,0,0,D,Arsenal,0,0,T Robinson
E0,26/11/2023,14:00,Tottenham,Aston Villa,1,2,A,1,1,D,Aston Villa,0,0,R Jones
E0,26/11/2023,16:30,Everton,Man United,0,3,A,0,1,A,Man United,0,0,J Brooks
E0,27/11/2023,20:00,Fulham,Wolves,3,2,H,1,1,D,Fulham,0,0,M Salisbury
E0,02/12/2023,15:00,Arsenal,Wolves,2,1,H,2,0,H,Arsenal,0,0,P Bankes
E0,02/12/2023,15:00,Brentford,Luton,3,1,H,0,0,D,Brentford,0,0,A Taylor
E0,02/12/2023,15:00,Burnley,Sheffield United,5,0,H,2,0,H,Burnley,0,0,C Kavanagh
E0,02/12/2023,17:30,Nott'm Forest,Everton,0,1,A,0,0,D,Everton,0,0,P Tierney
E0,02/12/2023,20:00,Newcastle,Man United,1,0,H,0,0,D,Newcastle,0,0,R Jones
E0,03/12/2023,14:00,Bournemouth,Aston Villa,2,2,D,1,1,D,Draw,0,0,T Bramall
E0,03/12/2023,14:00,Chelsea,Brighton,3,2,H,2,1,H,Chelsea,0,0,C Pawson
E0,03/12/2023,14:00,Liverpool,Fulham,4,3,H,2,2,D,Liverpool,0,0,S Attwell
E0,03/12/2023,14:00,West Ham,Crystal Palace,1,1,D,1,0,H,Draw,0,0,M Oliver
E0,03/12/2023,16:30,Man City,Tottenham,3,3,D,2,1,H,Draw,0,0,S Hooper
E0,05/12/2023,19:30,Wolves,Burnley,1,0,H,1,0,H,Wolves,0,0,J Gillett
E0,05/12/2023,20:15,Luton,Arsenal,3,4,A,1,2,A,Arsenal,0,0,S Barrott
E0,06/12/2023,19:30,Brighton,Brentford,2,1,H,1,1,D,Brighton,0,0,P Bankes
E0,06/12/2023,19:30,Crystal Palace,Bournemouth,0,2,A,0,1,A,Bournemouth,0,0,C Pawson
E0,06/12/2023,19:30,Fulham,Nott'm Forest,5,0,H,2,0,H,Fulham,0,0,J Smith
E0,06/12/2023,19:30,Sheffield United,Liverpool,0,2,A,0,1,A,Liverpool,0,0,S Hooper
E0,06/12/2023,20:15,Aston Villa,Man City,1,0,H,0,0,D,Aston Villa,0,0,J Brooks
E0,06/12/2023,20:15,Man United,Chelsea,2,1,H,1,1,D,Man United,0,0,C Kavanagh
E0,07/12/2023,19:30,Everton,Newcastle,3,0,H,0,0,D,Everton,0,0,T Robinson
E0,07/12/2023,20:15,Tottenham,West Ham,1,2,A,1,0,H,West Ham,0,1,M Salisbury
E0,09/12/2023,12:30,Crystal Palace,Liverpool,1,2,A,0,0,D,Liverpool,0,0,A Madley
E0,09/12/2023,15:00,Brighton,Burnley,1,1,D,0,1,A,Draw,0,0,S Hooper
E0,09/12/2023,15:00,Man United,Bournemouth,0,3,A,0,1,A,Bournemouth,0,0,P Bankes
E0,09/12/2023,15:00,Sheffield United,Brentford,1,0,H,1,0,H,Sheffield United,0,0,S Attwell
E0,09/12/2023,15:00,Wolves,Nott'm Forest,1,1,D,1,1,D,Draw,0,0,S Barrott
E0,09/12/2023,17:30,Aston Villa,Arsenal,1,0,H,1,0,H,Aston Villa,0,0,J Gillett
E0,10/12/2023,14:00,Everton,Chelsea,2,0,H,0,0,D,Everton,0,0,M Oliver
E0,10/12/2023,14:00,Fulham,West Ham,5,0,H,3,0,H,Fulham,0,0,P Tierney
E0,10/12/2023,14:00,Luton,Man City,1,2,A,1,0,H,Man City,0,1,T Robinson
E0,10/12/2023,16:30,Tottenham,Newcastle,4,1,H,2,0,H,Tottenham,0,0,C Kavanagh
E0,15/12/2023,20:00,Nott'm Forest,Tottenham,0,2,A,0,1,A,Tottenham,0,0,J Gillett
E0,16/12/2023,15:00,Chelsea,Sheffield United,2,0,H,0,0,D,Chelsea,0,0,A Madley
E0,16/12/2023,15:00,Man City,Crystal Palace,2,2,D,1,0,H,Draw,0,0,P Tierney
E0,16/12/2023,15:00,Newcastle,Fulham,3,0,H,0,0,D,Newcastle,0,0,S Barrott
E0,16/12/2023,17:30,Burnley,Everton,0,2,A,0,2,A,Everton,0,0,A Taylor
E0,17/12/2023,14:00,Arsenal,Brighton,2,0,H,0,0,D,Arsenal,0,0,T Robinson
E0,17/12/2023,14:00,Brentford,Aston Villa,1,2,A,1,0,H,Aston Villa,0,1,D Coote
E0,17/12/2023,14:00,West Ham,Wolves,3,0,H,2,0,H,West Ham,0,0,C Kavanagh
E0,17/12/2023,16:30,Liverpool,Man United,0,0,D,0,0,D,Draw,0,0,M Oliver
E0,21/12/2023,20:00,Crystal Palace,Brighton,1,1,D,1,0,H,Draw,0,0,J Brooks
E0,22/12/2023,20:00,Aston Villa,Sheffield United,1,1,D,0,0,D,Draw,0,0,A Taylor
E0,23/12/2023,12:30,West Ham,Man United,2,0,H,0,0,D,West Ham,0,0,S Hooper
E0,23/12/2023,15:00,Fulham,Burnley,0,2,A,0,0,D,Burnley,0,0,R Welch
E0,23/12/2023,15:00,Luton,Newcastle,1,0,H,1,0,H,Luton,0,0,D England
E0,23/12/2023,15:00,Nott'm Forest,Bournemouth,2,3,A,0,0,D,Bournemouth,0,0,R Jones
E0,23/12/2023,15:00,Tottenham,Everton,2,1,H,2,0,H,Tottenham,0,0,S Attwell
E0,23/12/2023,17:30,Liverpool,Arsenal,1,1,D,1,1,D,Draw,0,0,C Kavanagh
E0,24/12/2023,13:00,Wolves,Chelsea,2,1,H,0,0,D,Wolves,0,0,D Coote
E0,26/12/2023,12:30,Newcastle,Nott'm Forest,1,3,A,1,1,D,Nott'm Forest,0,0,C Kavanagh
E0,26/12/2023,15:00,Bournemouth,Fulham,3,0,H,1,0,H,Bournemouth,0,0,T Robinson
E0,26/12/2023,15:00,Sheffield United,Luton,2,3,A,0,1,A,Luton,0,0,S Allison
E0,26/12/2023,17:30,Burnley,Liverpool,0,2,A,0,1,A,Liverpool,0,0,P Tierney
E0,26/12/2023,20:00,Man United,Aston Villa,3,2,H,0,2,A,Man United,1,0,C Pawson
E0,27/12/2023,19:30,Brentford,Wolves,1,4,A,1,3,A,Wolves,0,0,A Madley
E0,27/12/2023,19:30,Chelsea,Crystal Palace,2,1,H,1,1,D,Chelsea,0,0,M Salisbury
E0,27/12/2023,20:15,Everton,Man City,1,3,A,1,0,H,Man City,0,1,J Brooks
E0,28/12/2023,19:30,Brighton,Tottenham,4,2,H,2,0,H,Brighton,0,0,J Gillett
E0,28/12/2023,20:15,Arsenal,West Ham,0,2,A,0,1,A,West Ham,0,0,M Oliver
E0,30/12/2023,12:30,Luton,Chelsea,2,3,A,0,2,A,Chelsea,0,0,P Tierney
E0,30/12/2023,15:00,Aston Villa,Burnley,3,2,H,2,1,H,Aston Villa,0,0,S Attwell
E0,30/12/2023,15:00,Crystal Palace,Brentford,3,1,H,2,1,H,Crystal Palace,0,0,R Jones
E0,30/12/2023,15:00,Man City,Sheffield United,2,0,H,1,0,H,Man City,0,0,D Coote
E0,30/12/2023,15:00,Wolves,Everton,3,0,H,1,0,H,Wolves,0,0,T Bramall
E0,30/12/2023,17:30,Nott'm Forest,Man United,2,1,H,0,0,D,Nott'm Forest,0,0,T Robinson
E0,31/12/2023,14:00,Fulham,Arsenal,2,1,H,1,1,D,Fulham,0,0,J Smith
E0,31/12/2023,14:00,Tottenham,Bournemouth,3,1,H,1,0,H,Tottenham,0,0,S Hooper
E0,01/01/2024,20:00,Liverpool,Newcastle,4,2,H,0,0,D,Liverpool,0,0,A Taylor
E0,02/01/2024,19:30,West Ham,Brighton,0,0,D,0,0,D,Draw,0,0,S Barrott
E0,12/01/2024,19:45,Burnley,Luton,1,1,D,1,0,H,Draw,0,0,T Harrington
E0,13/01/2024,12:30,Chelsea,Fulham,1,0,H,1,0,H,Chelsea,0,0,A Taylor
E0,13/01/2024,17:30,Newcastle,Man City,2,3,A,2,1,H,Man City,0,1,C Kavanagh
E0,14/01/2024,14:00,Everton,Aston Villa,0,0,D,0,0,D,Draw,0,0,D Coote
E0,14/01/2024,16:30,Man United,Tottenham,2,2,D,2,1,H,Draw,0,0,J Brooks
E0,20/01/2024,12:30,Arsenal,Crystal Palace,5,0,H,2,0,H,Arsenal,0,0,P Tierney
E0,20/01/2024,17:30,Brentford,Nott'm Forest,3,2,H,1,1,D,Brentford,0,0,D England
E0,21/01/2024,14:00,Sheffield United,West Ham,2,2,D,1,1,D,Draw,0,0,M Salisbury
E0,21/01/2024,16:30,Bournemouth,Liverpool,0,4,A,0,0,D,Liverpool,0,0,A Madley
E0,22/01/2024,19:45,Brighton,Wolves,0,0,D,0,0,D,Draw,0,0,C Pawson
E0,30/01/2024,19:30,Nott'm Forest,Arsenal,1,2,A,0,0,D,Arsenal,0,0,S Hooper
E0,30/01/2024,19:45,Fulham,Everton,0,0,D,0,0,D,Draw,0,0,T Bramall
E0,30/01/2024,19:45,Luton,Brighton,4,0,H,3,0,H,Luton,0,0,R Jones
E0,30/01/2024,20:00,Crystal Palace,Sheffield United,3,2,H,2,2,D,Crystal Palace,0,0,T Harrington
E0,30/01/2024,20:15,Aston Villa,Newcastle,1,3,A,0,2,A,Newcastle,0,0,J Brooks
E0,31/01/2024,19:30,Man City,Burnley,3,1,H,2,0,H,Man City,0,0,S Barrott
E0,31/01/2024,19:30,Tottenham,Brentford,3,2,H,0,1,A,Tottenham,1,0,D Coote
E0,31/01/2024,20:15,Liverpool,Chelsea,4,1,H,2,0,H,Liverpool,0,0,P Tierney
E0,01/02/2024,19:30,West Ham,Bournemouth,1,1,D,0,1,A,Draw,0,0,T Robinson
E0,01/02/2024,20:15,Wolves,Man United,3,4,A,0,2,A,Man United,0,0,J Gillett
E0,03/02/2024,12:30,Everton,Tottenham,2,2,D,1,2,A,Draw,0,0,M Oliver
E0,03/02/2024,15:00,Brighton,Crystal Palace,4,1,H,3,0,H,Brighton,0,0,S Hooper
E0,03/02/2024,15:00,Burnley,Fulham,2,2,D,0,2,A,Draw,0,0,D Bond
E0,03/02/2024,15:00,Newcastle,Luton,4,4,D,2,2,D,Draw,0,0,T Bramall
E0,03/02/2024,17:30,Sheffield United,Aston Villa,0,5,A,0,4,A,Aston Villa,0,0,P Tierney
E0,04/02/2024,14:00,Bournemouth,Nott'm Forest,1,1,D,1,1,D,Draw,0,0,R Welch
E0,04/02/2024,14:00,Chelsea,Wolves,2,4,A,1,2,A,Wolves,0,0,T Robinson
E0,04/02/2024,14:00,Man United,West Ham,3,0,H,1,0,H,Man United,0,0,A Madley
E0,04/02/2024,16:30,Arsenal,Liverpool,3,1,H,1,1,D,Arsenal,0,0,A Taylor
E0,05/02/2024,20:00,Brentford,Man City,1,3,A,1,1,D,Man City,0,0,J Gillett
E0,10/02/2024,12:30,Man City,Everton,2,0,H,0,0,D,Man City,0,0,J Brooks
E0,10/02/2024,15:00,Fulham,Bournemouth,3,1,H,2,0,H,Fulham,0,0,D England
E0,10/02/2024,15:00,Liverpool,Burnley,3,1,H,1,1,D,Liverpool,0,0,T Robinson
E0,10/02/2024,15:00,Luton,Sheffield United,1,3,A,0,2,A,Sheffield United,0,0,C Kavanagh
E0,10/02/2024,15:00,Tottenham,Brighton,2,1,H,0,1,A,Tottenham,1,0,S Barrott
E0,10/02/2024,15:00,Wolves,Brentford,0,2,A,0,1,A,Brentford,0,0,S Hooper
E0,10/02/2024,17:30,Nott'm Forest,Newcastle,2,3,A,2,2,D,Newcastle,0,0,A Taylor
E0,11/02/2024,14:00,West Ham,Arsenal,0,6,A,0,4,A,Arsenal,0,0,C Pawson
E0,11/02/2024,16:30,Aston Villa,Man United,1,2,A,0,1,A,Man United,0,0,R Jones
E0,12/02/2024,20:00,Crystal Palace,Chelsea,1,3,A,1,0,H,Chelsea,0,1,M Oliver
E0,17/02/2024,12:30,Brentford,Liverpool,1,4,A,0,1,A,Liverpool,0,0,M Oliver
E0,17/02/2024,15:00,Burnley,Arsenal,0,5,A,0,2,A,Arsenal,0,0,J Gillett
E0,17/02/2024,15:00,Fulham,Aston Villa,1,2,A,0,1,A,Aston Villa,0,0,L Smith
E0,17/02/2024,15:00,Newcastle,Bournemouth,2,2,D,0,0,D,Draw,0,0,M Salisbury
E0,17/02/2024,15:00,Nott'm Forest,West Ham,2,0,H,1,0,H,Nott'm Forest,0,0,T Bramall
E0,17/02/2024,15:00,Tottenham,Wolves,1,2,A,0,1,A,Wolves,0,0,A Taylor
E0,17/02/2024,17:30,Man City,Chelsea,1,1,D,0,1,A,Draw,0,0,A Madley
E0,18/02/2024,14:00,Sheffield United,Brighton,0,5,A,0,2,A,Brighton,0,0,S Attwell
E0,18/02/2024,16:30,Luton,Man United,1,2,A,1,2,A,Man United,0,0,D Coote
E0,19/02/2024,20:00,Everton,Crystal Palace,1,1,D,0,0,D,Draw,0,0,P Tierney
E0,20/02/2024,19:30,Man City,Brentford,1,0,H,0,0,D,Man City,0,0,D England
E0,21/02/2024,19:30,Liverpool,Luton,4,1,H,0,1,A,Liverpool,1,0,A Madley
E0,24/02/2024,15:00,Aston Villa,Nott'm Forest,4,2,H,3,1,H,Aston Villa,0,0,S Barrott
E0,24/02/2024,15:00,Brighton,Everton,1,1,D,0,0,D,Draw,0,0,T Harrington
E0,24/02/2024,15:00,Crystal Palace,Burnley,3,0,H,0,0,D,Crystal Palace,0,0,L Smith
E0,24/02/2024,15:00,Man United,Fulham,1,2,A,0,0,D,Fulham,0,0,M Oliver
E0,24/02/2024,17:30,Bournemouth,Man City,0,1,A,0,1,A,Man City,0,0,J Gillett
E0,24/02/2024,20:00,Arsenal,Newcastle,4,1,H,2,0,H,Arsenal,0,0,P Tierney
E0,25/02/2024,13:30,Wolves,Sheffield United,1,0,H,1,0,H,Wolves,0,0,D Bond
E0,26/02/2024,20:00,West Ham,Brentford,4,2,H,2,1,H,West Ham,0,0,S Hooper
E0,02/03/2024,15:00,Brentford,Chelsea,2,2,D,0,1,A,Draw,0,0,J Gillett
E0,02/03/2024,15:00,Everton,West Ham,1,3,A,0,0,D,West Ham,0,0,C Pawson
E0,02/03/2024,15:00,Fulham,Brighton,3,0,H,2,0,H,Fulham,0,0,S Hooper
E0,02/03/2024,15:00,Newcastle,Wolves,3,0,H,2,0,H,Newcastle,0,0,T Robinson
E0,02/03/2024,15:00,Nott'm Forest,Liverpool,0,1,A,0,0,D,Liverpool,0,0,P Tierney
E0,02/03/2024,15:00,Tottenham,Crystal Palace,3,1,H,0,0,D,Tottenham,0,0,J Brooks
E0,02/03/2024,17:30,Luton,Aston Villa,2,3,A,0,2,A,Aston Villa,0,0,M Oliver
E0,03/03/2024,13:00,Burnley,Bournemouth,0,2,A,0,1,A,Bournemouth,0,0,D Coote
E0,03/03/2024,15:30,Man City,Man United,3,1,H,0,1,A,Man City,1,0,A Madley
E0,04/03/2024,20:00,Sheffield United,Arsenal,0,6,A,0,5,A,Arsenal,0,0,S Barrott
E0,09/03/2024,12:30,Man United,Everton,2,0,H,2,0,H,Man United,0,0,S Hooper
E0,09/03/2024,15:00,Bournemouth,Sheffield United,2,2,D,0,1,A,Draw,0,0,A Taylor
E0,09/03/2024,15:00,Crystal Palace,Luton,1,1,D,1,0,H,Draw,0,0,S Singh
E0,09/03/2024,15:00,Wolves,Fulham,2,1,H,0,0,D,Wolves,0,0,T Harrington
E0,09/03/2024,17:30,Arsenal,Brentford,2,1,H,1,1,D,Arsenal,0,0,R Jones
E0,10/03/2024,13:00,Aston Villa,Tottenham,0,4,A,0,0,D,Tottenham,0,0,C Kavanagh
E0,10/03/2024,14:00,Brighton,Nott'm Forest,1,0,H,1,0,H,Brighton,0,0,M Salisbury
E0,10/03/2024,14:00,West Ham,Burnley,2,2,D,0,2,A,Draw,0,0,D England
E0,10/03/2024,15:45,Liverpool,Man City,1,1,D,0,1,A,Draw,0,0,M Oliver
E0,11/03/2024,20:00,Chelsea,Newcastle,3,2,H,1,1,D,Chelsea,0,0,J Brooks
E0,13/03/2024,19:30,Bournemouth,Luton,4,3,H,0,3,A,Bournemouth,1,0,S Allison
E0,16/03/2024,15:00,Burnley,Brentford,2,1,H,1,0,H,Burnley,0,0,D Bond
E0,16/03/2024,15:00,Luton,Nott'm Forest,1,1,D,0,1,A,Draw,0,0,D England
E0,16/03/2024,17:30,Fulham,Tottenham,3,0,H,1,0,H,Fulham,0,0,R Jones
E0,17/03/2024,14:00,West Ham,Aston Villa,1,1,D,1,0,H,Draw,0,0,J Gillett
E0,30/03/2024,12:30,Newcastle,West Ham,4,3,H,1,2,A,Newcastle,1,0,R Jones
E0,30/03/2024,15:00,Bournemouth,Everton,2,1,H,0,0,D,Bournemouth,0,0,S Barrott
E0,30/03/2024,15:00,Chelsea,Burnley,2,2,D,1,0,H,Draw,0,0,D England
E0,30/03/2024,15:00,Nott'm Forest,Crystal Palace,1,1,D,0,1,A,Draw,0,0,C Kavanagh
E0,30/03/2024,15:00,Sheffield United,Fulham,3,3,D,0,0,D,Draw,0,0,T Robinson
E0,30/03/2024,15:00,Tottenham,Luton,2,1,H,0,1,A,Tottenham,1,0,J Gillett
E0,30/03/2024,17:30,Aston Villa,Wolves,2,0,H,1,0,H,Aston Villa,0,0,P Tierney
E0,30/03/2024,20:00,Brentford,Man United,1,1,D,0,0,D,Draw,0,0,S Hooper
E0,31/03/2024,14:00,Liverpool,Brighton,2,1,H,1,1,D,Liverpool,0,0,D Coote
E0,31/03/2024,16:30,Man City,Arsenal,0,0,D,0,0,D,Draw,0,0,A Taylor
E0,02/04/2024,19:30,Newcastle,Everton,1,1,D,1,0,H,Draw,0,0,T Harrington
E0,02/04/2024,19:30,Nott'm Forest,Fulham,3,1,H,3,0,H,Nott'm Forest,0,0,M Oliver
E0,02/04/2024,19:45,Bournemouth,Crystal Palace,1,0,H,0,0,D,Bournemouth,0,0,G Scott
E0,02/04/2024,19:45,Burnley,Wolves,1,1,D,1,1,D,Draw,0,0,T Bramall
E0,02/04/2024,20:15,West Ham,Tottenham,1,1,D,1,1,D,Draw,0,0,J Brooks
E0,03/04/2024,19:30,Arsenal,Luton,2,0,H,2,0,H,Arsenal,0,0,C Pawson
E0,03/04/2024,19:30,Brentford,Brighton,0,0,D,0,0,D,Draw,0,0,A Madley
E0,03/04/2024,20:15,Man City,Aston Villa,4,1,H,2,1,H,Man City,0,0,D England
E0,04/04/2024,19:30,Liverpool,Sheffield United,3,1,H,1,0,H,Liverpool,0,0,S Attwell
E0,04/04/2024,20:15,Chelsea,Man United,4,3,H,2,2,D,Chelsea,0,0,J Gillett
E0,06/04/2024,12:30,Crystal Palace,Man City,2,4,A,1,1,D,Man City,0,0,P Tierney
E0,06/04/2024,15:00,Aston Villa,Brentford,3,3,D,1,0,H,Draw,0,0,M Salisbury
E0,06/04/2024,15:00,Everton,Burnley,1,0,H,1,0,H,Everton,0,0,M Oliver
E0,06/04/2024,15:00,Fulham,Newcastle,0,1,A,0,0,D,Newcastle,0,0,S Allison
E0,06/04/2024,15:00,Luton,Bournemouth,2,1,H,0,0,D,Luton,0,0,A Madley
E0,06/04/2024,15:00,Wolves,West Ham,1,2,A,1,0,H,West Ham,0,1,T Harrington
E0,06/04/2024,17:30,Brighton,Arsenal,0,3,A,0,1,A,Arsenal,0,0,J Brooks
E0,07/04/2024,15:30,Man United,Liverpool,2,2,D,0,1,A,Draw,0,0,A Taylor
E0,07/04/2024,17:30,Sheffield United,Chelsea,2,2,D,1,1,D,Draw,0,0,R Jones
E0,07/04/2024,18:00,Tottenham,Nott'm Forest,3,1,H,1,1,D,Tottenham,0,0,S Hooper
E0,13/04/2024,12:30,Newcastle,Tottenham,4,0,H,2,0,H,Newcastle,0,0,T Robinson
E0,13/04/2024,15:00,Brentford,Sheffield United,2,0,H,0,0,D,Brentford,0,0,S Barrott
E0,13/04/2024,15:00,Burnley,Brighton,1,1,D,0,0,D,Draw,0,0,S Hooper
E0,13/04/2024,15:00,Man City,Luton,5,1,H,1,0,H,Man City,0,0,J Brooks
E0,13/04/2024,15:00,Nott'm Forest,Wolves,2,2,D,1,1,D,Draw,0,0,C Pawson
E0,13/04/2024,17:30,Bournemouth,Man United,2,2,D,2,1,H,Draw,0,0,T Harrington
E0,14/04/2024,14:00,Liverpool,Crystal Palace,0,1,A,0,1,A,Crystal Palace,0,0,C Kavanagh
E0,14/04/2024,14:00,West Ham,Fulham,0,2,A,0,1,A,Fulham,0,0,S Attwell
E0,14/04/2024,16:30,Arsenal,Aston Villa,0,2,A,0,0,D,Aston Villa,0,0,D Coote
E0,15/04/2024,20:00,Chelsea,Everton,6,0,H,4,0,H,Chelsea,0,0,P Tierney
E0,20/04/2024,15:00,Luton,Brentford,1,5,A,0,2,A,Brentford,0,0,J Gillett
E0,20/04/2024,15:00,Sheffield United,Burnley,1,4,A,0,2,A,Burnley,0,0,A Madley
E0,20/04/2024,19:30,Wolves,Arsenal,0,2,A,0,1,A,Arsenal,0,0,P Tierney
E0,21/04/2024,13:30,Everton,Nott'm Forest,2,0,H,1,0,H,Everton,0,0,A Taylor
E0,21/04/2024,15:00,Aston Villa,Bournemouth,3,1,H,1,1,D,Aston Villa,0,0,T Robinson
E0,21/04/2024,15:00,Crystal Palace,West Ham,5,2,H,4,1,H,Crystal Palace,0,0,G Scott
E0,21/04/2024,16:30,Fulham,Liverpool,1,3,A,1,1,D,Liverpool,0,0,C Pawson
E0,23/04/2024,20:00,Arsenal,Chelsea,5,0,H,1,0,H,Arsenal,0,0,S Hooper
E0,24/04/2024,19:45,Wolves,Bournemouth,0,1,A,0,1,A,Bournemouth,0,0,S Attwell
E0,24/04/2024,20:00,Crystal Palace,Newcastle,2,0,H,0,0,D,Crystal Palace,0,0,T Bramall
E0,24/04/2024,20:00,Everton,Liverpool,2,0,H,1,0,H,Everton,0,0,A Madley
E0,24/04/2024,20:00,Man United,Sheffield United,4,2,H,1,1,D,Man United,0,0,M Salisbury
E0,25/04/2024,20:00,Brighton,Man City,0,4,A,0,3,A,Man City,0,0,J Gillett
E0,27/04/2024,12:30,West Ham,Liverpool,2,2,D,1,0,H,Draw,0,0,A Taylor
E0,27/04/2024,15:00,Fulham,Crystal Palace,1,1,D,0,0,D,Draw,0,0,S Attwell
E0,27/04/2024,15:00,Man United,Burnley,1,1,D,0,0,D,Draw,0,0,J Brooks
E0,27/04/2024,15:00,Newcastle,Sheffield United,5,1,H,1,1,D,Newcastle,0,0,T Harrington
E0,27/04/2024,15:00,Wolves,Luton,2,1,H,1,0,H,Wolves,0,0,D Coote
E0,27/04/2024,17:30,Everton,Brentford,1,0,H,0,0,D,Everton,0,0,D England
E0,27/04/2024,20:00,Aston Villa,Chelsea,2,2,D,2,0,H,Draw,0,0,C Pawson
E0,28/04/2024,14:00,Bournemouth,Brighton,3,0,H,1,0,H,Bournemouth,0,0,P Tierney
E0,28/04/2024,14:00,Tottenham,Arsenal,2,3,A,0,3,A,Arsenal,0,0,M Oliver
E0,28/04/2024,16:30,Nott'm Forest,Man City,0,2,A,0,1,A,Man City,0,0,S Hooper
E0,02/05/2024,19:30,Chelsea,Tottenham,2,0,H,1,0,H,Chelsea,0,0,R Jones
E0,03/05/2024,20:00,Luton,Everton,1,1,D,1,1,D,Draw,0,0,T Robinson
E0,04/05/2024,12:30,Arsenal,Bournemouth,3,0,H,1,0,H,Arsenal,0,0,D Coote
E0,04/05/2024,15:00,Brentford,Fulham,0,0,D,0,0,D,Draw,0,0,G Scott
E0,04/05/2024,15:00,Burnley,Newcastle,1,4,A,0,3,A,Newcastle,0,0,A Taylor
E0,04/05/2024,15:00,Sheffield United,Nott'm Forest,1,3,A,1,1,D,Nott'm Forest,0,0,C Kavanagh
E0,04/05/2024,17:30,Man City,Wolves,5,1,H,3,0,H,Man City,0,0,C Pawson
E0,05/05/2024,14:00,Brighton,Aston Villa,1,0,H,0,0,D,Brighton,0,0,R Jones
E0,05/05/2024,14:00,Chelsea,West Ham,5,0,H,3,0,H,Chelsea,0,0,A Madley
E0,05/05/2024,16:30,Liverpool,Tottenham,4,2,H,2,0,H,Liverpool,0,0,P Tierney
E0,06/05/2024,20:00,Crystal Palace,Man United,4,0,H,2,0,H,Crystal Palace,0,0,J Gillett 
E0,11/05/2024,12:30,Fulham,Man City,0,4,A,0,1,A,Man City,0,0,A Taylor
E0,11/05/2024,15:00,Bournemouth,Brentford,1,2,A,0,0,D,Brentford,0,0,M Donohue
E0,11/05/2024,15:00,Everton,Sheffield United,1,0,H,1,0,H,Everton,0,0,S Attwell
E0,11/05/2024,15:00,Newcastle,Brighton,1,1,D,1,1,D,Draw,0,0,D England
E0,11/05/2024,15:00,Tottenham,Burnley,2,1,H,1,1,D,Tottenham,0,0,J Gillett
E0,11/05/2024,15:00,West Ham,Luton,3,1,H,0,1,A,West Ham,1,0,M Oliver
E0,11/05/2024,15:00,Wolves,Crystal Palace,1,3,A,0,2,A,Crystal Palace,0,0,T Bramall
E0,11/05/2024,17:30,Nott'm Forest,Chelsea,2,3,A,1,1,D,Chelsea,0,0,T Harrington
E0,12/05/2024,16:30,Man United,Arsenal,0,1,A,0,1,A,Arsenal,0,0,P Tierney
E0,13/05/2024,20:00,Aston Villa,Liverpool,3,3,D,1,2,A,Draw,0,0,S Hooper
E0,14/05/2024,20:00,Tottenham,Man City,0,2,A,0,0,D,Man City,0,0,C Kavanagh
E0,15/05/2024,19:45,Brighton,Chelsea,1,2,A,0,1,A,Chelsea,0,0,M Salisbury
E0,15/05/2024,20:00,Man United,Newcastle,3,2,H,1,0,H,Man United,0,0,R Jones
E0,19/05/2024,16:00,Arsenal,Everton,2,1,H,1,1,D,Arsenal,0,0,M Oliver
E0,19/05/2024,16:00,Brentford,Newcastle,2,4,A,0,3,A,Newcastle,0,0,S Hooper
E0,19/05/2024,16:00,Brighton,Man United,0,2,A,0,0,D,Man United,0,0,C Pawson
E0,19/05/2024,16:00,Burnley,Nott'm Forest,1,2,A,0,2,A,Nott'm Forest,0,0,G Scott
E0,19/05/2024,16:00,Chelsea,Bournemouth,2,1,H,1,0,H,Chelsea,0,0,A Taylor
E0,19/05/2024,16:00,Crystal Palace,Aston Villa,5,0,H,2,0,H,Crystal Palace,0,0,D Bond
E0,19/05/2024,16:00,Liverpool,Wolves,2,0,H,2,0,H,Liverpool,0,0,C Kavanagh
E0,19/05/2024,16:00,Luton,Fulham,2,4,A,1,2,A,Fulham,0,0,M Donohue
E0,19/05/2024,16:00,Man City,West Ham,3,1,H,2,1,H,Man City,0,0,J Brooks
E0,19/05/2024,16:00,Sheffield United,Tottenham,0,3,A,0,1,A,Tottenham,0,0,A Madley
E0,16/08/2024,20:00,Man United,Fulham,1,0,H,0,0,D,Man United,0,0,R Jones
E0,17/08/2024,12:30,Ipswich,Liverpool,0,2,A,0,0,D,Liverpool,0,0,T Robinson
E0,17/08/2024,15:00,Arsenal,Wolves,2,0,H,1,0,H,Arsenal,0,0,J Gillett
E0,17/08/2024,15:00,Everton,Brighton,0,3,A,0,1,A,Brighton,0,0,S Hooper
E0,17/08/2024,15:00,Newcastle,Southampton,1,0,H,1,0,H,Newcastle,0,0,C Pawson
E0,17/08/2024,15:00,Nott'm Forest,Bournemouth,1,1,D,1,0,H,Draw,0,0,M Oliver
E0,17/08/2024,17:30,West Ham,Aston Villa,1,2,A,1,1,D,Aston Villa,0,0,T Harrington
E0,18/08/2024,14:00,Brentford,Crystal Palace,2,1,H,1,0,H,Brentford,0,0,S Barrott
E0,18/08/2024,16:30,Chelsea,Man City,0,2,A,0,1,A,Man City,0,0,A Taylor
E0,19/08/2024,20:00,Leicester,Tottenham,1,1,D,0,1,A,Draw,0,0,C Kavanagh
E0,24/08/2024,12:30,Brighton,Man United,2,1,H,1,0,H,Brighton,0,0,C Pawson
E0,24/08/2024,15:00,Crystal Palace,West Ham,0,2,A,0,0,D,West Ham,0,0,R Jones
E0,24/08/2024,15:00,Fulham,Leicester,2,1,H,1,1,D,Fulham,0,0,D Bond
E0,24/08/2024,15:00,Man City,Ipswich,4,1,H,3,1,H,Man City,0,0,M Salisbury
E0,24/08/2024,15:00,Southampton,Nott'm Forest,0,1,A,0,0,D,Nott'm Forest,0,0,S Barrott
E0,24/08/2024,15:00,Tottenham,Everton,4,0,H,2,0,H,Tottenham,0,0,A Taylor
E0,24/08/2024,17:30,Aston Villa,Arsenal,0,2,A,0,0,D,Arsenal,0,0,M Oliver
E0,25/08/2024,14:00,Bournemouth,Newcastle,1,1,D,1,0,H,Draw,0,0,D Coote
E0,25/08/2024,14:00,Wolves,Chelsea,2,6,A,2,2,D,Chelsea,0,0,D England
E0,25/08/2024,16:30,Liverpool,Brentford,2,0,H,1,0,H,Liverpool,0,0,S Attwell
E0,31/08/2024,12:30,Arsenal,Brighton,1,1,D,1,0,H,Draw,0,0,C Kavanagh
E0,31/08/2024,15:00,Brentford,Southampton,3,1,H,1,0,H,Brentford,0,0,J Smith
E0,31/08/2024,15:00,Everton,Bournemouth,2,3,A,0,0,D,Bournemouth,0,0,S Attwell
E0,31/08/2024,15:00,Ipswich,Fulham,1,1,D,1,1,D,Draw,0,0,L Smith
E0,31/08/2024,15:00,Leicester,Aston Villa,1,2,A,0,1,A,Aston Villa,0,0,D Coote
E0,31/08/2024,15:00,Nott'm Forest,Wolves,1,1,D,1,1,D,Draw,0,0,S Hooper
E0,31/08/2024,17:30,West Ham,Man City,1,3,A,1,2,A,Man City,0,0,M Oliver
E0,01/09/2024,13:30,Chelsea,Crystal Palace,1,1,D,1,0,H,Draw,0,0,J Gillett
E0,01/09/2024,13:30,Newcastle,Tottenham,2,1,H,1,0,H,Newcastle,0,0,R Jones
E0,01/09/2024,16:00,Man United,Liverpool,0,3,A,0,2,A,Liverpool,0,0,A Taylor
E0,14/09/2024,12:30,Southampton,Man United,0,3,A,0,2,A,Man United,0,0,S Attwell
E0,14/09/2024,15:00,Brighton,Ipswich,0,0,D,0,0,D,Draw,0,0,S Barrott
E0,14/09/2024,15:00,Crystal Palace,Leicester,2,2,D,0,1,A,Draw,0,0,T Harrington
E0,14/09/2024,15:00,Fulham,West Ham,1,1,D,1,0,H,Draw,0,0,T Robinson
E0,14/09/2024,15:00,Liverpool,Nott'm Forest,0,1,A,0,0,D,Nott'm Forest,0,0,M Oliver
E0,14/09/2024,15:00,Man City,Brentford,2,1,H,2,1,H,Man City,0,0,D Bond
E0,14/09/2024,17:30,Aston Villa,Everton,3,2,H,1,2,A,Aston Villa,1,0,C Pawson
E0,14/09/2024,20:00,Bournemouth,Chelsea,0,1,A,0,0,D,Chelsea,0,0,A Taylor
E0,15/09/2024,14:00,Tottenham,Arsenal,0,1,A,0,0,D,Arsenal,0,0,J Gillett
E0,15/09/2024,16:30,Wolves,Newcastle,1,2,A,1,0,H,Newcastle,0,1,C Kavanagh
E0,21/09/2024,12:30,West Ham,Chelsea,0,3,A,0,2,A,Chelsea,0,0,S Barrott
E0,21/09/2024,15:00,Aston Villa,Wolves,3,1,H,0,1,A,Aston Villa,1,0,T Robinson
E0,21/09/2024,15:00,Fulham,Newcastle,3,1,H,2,0,H,Fulham,0,0,P Bankes
E0,21/09/2024,15:00,Leicester,Everton,1,1,D,0,1,A,Draw,0,0,D England
E0,21/09/2024,15:00,Liverpool,Bournemouth,3,0,H,3,0,H,Liverpool,0,0,T Harrington
E0,21/09/2024,15:00,Southampton,Ipswich,1,1,D,1,0,H,Draw,0,0,S Allison
E0,21/09/2024,15:00,Tottenham,Brentford,3,1,H,2,1,H,Tottenham,0,0,J Brooks
E0,21/09/2024,17:30,Crystal Palace,Man United,0,0,D,0,0,D,Draw,0,0,D Coote
E0,22/09/2024,14:00,Brighton,Nott'm Forest,2,2,D,2,1,H,Draw,0,0,R Jones
E0,22/09/2024,16:30,Man City,Arsenal,2,2,D,1,2,A,Draw,0,0,M Oliver
E0,28/09/2024,12:30,Newcastle,Man City,1,1,D,0,1,A,Draw,0,0,J Gillett
E0,28/09/2024,15:00,Arsenal,Leicester,4,2,H,2,0,H,Arsenal,0,0,S Barrott
E0,28/09/2024,15:00,Brentford,West Ham,1,1,D,1,0,H,Draw,0,0,S Hooper
E0,28/09/2024,15:00,Chelsea,Brighton,4,2,H,4,2,H,Chelsea,0,0,P Bankes
E0,28/09/2024,15:00,Everton,Crystal Palace,2,1,H,0,1,A,Everton,1,0,A Madley
E0,28/09/2024,15:00,Nott'm Forest,Fulham,0,1,A,0,0,D,Fulham,0,0,J Smith
E0,28/09/2024,17:30,Wolves,Liverpool,1,2,A,0,1,A,Liverpool,0,0,A Taylor
E0,29/09/2024,14:00,Ipswich,Aston Villa,2,2,D,1,2,A,Draw,0,0,S Attwell
E0,29/09/2024,16:30,Man United,Tottenham,0,3,A,0,1,A,Tottenham,0,0,C Kavanagh
E0,30/09/2024,20:00,Bournemouth,Southampton,3,1,H,3,0,H,Bournemouth,0,0,M Oliver
E0,05/10/2024,12:30,Crystal Palace,Liverpool,0,1,A,0,1,A,Liverpool,0,0,S Hooper
E0,05/10/2024,15:00,Arsenal,Southampton,3,1,H,0,0,D,Arsenal,0,0,T Harrington
E0,05/10/2024,15:00,Brentford,Wolves,5,3,H,4,2,H,Brentford,0,0,A Madley
E0,05/10/2024,15:00,Leicester,Bournemouth,1,0,H,1,0,H,Leicester,0,0,D Bond
E0,05/10/2024,15:00,Man City,Fulham,3,2,H,1,1,D,Man City,0,0,P Bankes
E0,05/10/2024,15:00,West Ham,Ipswich,4,1,H,2,1,H,West Ham,0,0,A Taylor
E0,05/10/2024,17:30,Everton,Newcastle,0,0,D,0,0,D,Draw,0,0,C Pawson
E0,06/10/2024,14:00,Aston Villa,Man United,0,0,D,0,0,D,Draw,0,0,R Jones
E0,06/10/2024,14:00,Chelsea,Nott'm Forest,1,1,D,0,0,D,Draw,0,0,C Kavanagh
E0,06/10/2024,16:30,Brighton,Tottenham,3,2,H,0,2,A,Brighton,1,0,D Coote
E0,19/10/2024,12:30,Tottenham,West Ham,4,1,H,1,1,D,Tottenham,0,0,A Madley
E0,19/10/2024,15:00,Fulham,Aston Villa,1,3,A,1,1,D,Aston Villa,0,0,D England
E0,19/10/2024,15:00,Ipswich,Everton,0,2,A,0,2,A,Everton,0,0,M Oliver
E0,19/10/2024,15:00,Man United,Brentford,2,1,H,0,1,A,Man United,1,0,S Barrott
E0,19/10/2024,15:00,Newcastle,Brighton,0,1,A,0,1,A,Brighton,0,0,P Bankes
E0,19/10/2024,15:00,Southampton,Leicester,2,3,A,2,0,H,Leicester,0,1,A Taylor
E0,19/10/2024,17:30,Bournemouth,Arsenal,2,0,H,0,0,D,Bournemouth,0,0,R Jones
E0,20/10/2024,14:00,Wolves,Man City,1,2,A,1,1,D,Man City,0,0,C Kavanagh
E0,20/10/2024,16:30,Liverpool,Chelsea,2,1,H,1,0,H,Liverpool,0,0,J Brooks
E0,21/10/2024,20:00,Nott'm Forest,Crystal Palace,1,0,H,0,0,D,Nott'm Forest,0,0,T Robinson
E0,25/10/2024,20:00,Leicester,Nott'm Forest,1,3,A,1,1,D,Nott'm Forest,0,0,C Pawson
E0,26/10/2024,15:00,Aston Villa,Bournemouth,1,1,D,0,0,D,Draw,0,0,A Madley
E0,26/10/2024,15:00,Brentford,Ipswich,4,3,H,2,2,D,Brentford,0,0,L Smith
E0,26/10/2024,15:00,Brighton,Wolves,2,2,D,1,0,H,Draw,0,0,M Oliver
E0,26/10/2024,15:00,Man City,Southampton,1,0,H,1,0,H,Man City,0,0,T Harrington
E0,26/10/2024,17:30,Everton,Fulham,1,1,D,0,0,D,Draw,0,0,J Brooks
E0,27/10/2024,14:00,Chelsea,Newcastle,2,1,H,1,1,D,Chelsea,0,0,S Hooper
E0,27/10/2024,14:00,Crystal Palace,Tottenham,1,0,H,1,0,H,Crystal Palace,0,0,D Bond
E0,27/10/2024,14:00,West Ham,Man United,2,1,H,0,0,D,West Ham,0,0,D Coote
E0,27/10/2024,16:30,Arsenal,Liverpool,2,2,D,2,1,H,Draw,0,0,A Taylor
E0,02/11/2024,12:30,Newcastle,Arsenal,1,0,H,1,0,H,Newcastle,0,0,J Brooks
E0,02/11/2024,15:00,Bournemouth,Man City,2,1,H,1,0,H,Bournemouth,0,0,M Oliver
E0,02/11/2024,15:00,Ipswich,Leicester,1,1,D,0,0,D,Draw,0,0,T Robinson
E0,02/11/2024,15:00,Liverpool,Brighton,2,1,H,0,1,A,Liverpool,1,0,T Harrington
E0,02/11/2024,15:00,Nott'm Forest,West Ham,3,0,H,1,0,H,Nott'm Forest,0,0,P Bankes
E0,02/11/2024,15:00,Southampton,Everton,1,0,H,0,0,D,Southampton,0,0,A Madley
E0,02/11/2024,17:30,Wolves,Crystal Palace,2,2,D,0,0,D,Draw,0,0,A Taylor
E0,03/11/2024,14:00,Tottenham,Aston Villa,4,1,H,0,1,A,Tottenham,1,0,C Pawson
E0,03/11/2024,16:30,Man United,Chelsea,1,1,D,0,0,D,Draw,0,0,R Jones
E0,04/11/2024,20:00,Fulham,Brentford,2,1,H,0,1,A,Fulham,1,0,S Attwell
E0,09/11/2024,15:00,Brentford,Bournemouth,3,2,H,1,1,D,Brentford,0,0,D Bond
E0,09/11/2024,15:00,Crystal Palace,Fulham,0,2,A,0,1,A,Fulham,0,0,M Salisbury
E0,09/11/2024,15:00,West Ham,Everton,0,0,D,0,0,D,Draw,0,0,S Attwell
E0,09/11/2024,15:00,Wolves,Southampton,2,0,H,1,0,H,Wolves,0,0,T Bramall
E0,09/11/2024,17:30,Brighton,Man City,2,1,H,0,1,A,Brighton,1,0,S Barrott
E0,09/11/2024,20:00,Liverpool,Aston Villa,2,0,H,1,0,H,Liverpool,0,0,D Coote
E0,10/11/2024,14:00,Man United,Leicester,3,0,H,2,0,H,Man United,0,0,P Bankes
E0,10/11/2024,14:00,Nott'm Forest,Newcastle,1,3,A,1,0,H,Newcastle,0,1,A Taylor
E0,10/11/2024,14:00,Tottenham,Ipswich,1,2,A,0,2,A,Ipswich,0,0,D England
E0,10/11/2024,16:30,Chelsea,Arsenal,1,1,D,0,0,D,Draw,0,0,M Oliver
E0,23/11/2024,12:30,Leicester,Chelsea,1,2,A,0,1,A,Chelsea,0,0,A Madley
E0,23/11/2024,15:00,Arsenal,Nott'm Forest,3,0,H,1,0,H,Arsenal,0,0,S Hooper
E0,23/11/2024,15:00,Aston Villa,Crystal Palace,2,2,D,1,2,A,Draw,0,0,T Robinson
E0,23/11/2024,15:00,Bournemouth,Brighton,1,2,A,0,1,A,Brighton,0,0,S Attwell
E0,23/11/2024,15:00,Everton,Brentford,0,0,D,0,0,D,Draw,0,0,C Kavanagh
E0,23/11/2024,15:00,Fulham,Wolves,1,4,A,1,1,D,Wolves,0,0,R Jones
E0,23/11/2024,17:30,Man City,Tottenham,0,4,A,0,2,A,Tottenham,0,0,J Brooks
E0,24/11/2024,14:00,Southampton,Liverpool,2,3,A,1,1,D,Liverpool,0,0,S Barrott
E0,24/11/2024,16:30,Ipswich,Man United,1,1,D,1,1,D,Draw,0,0,A Taylor
E0,25/11/2024,20:00,Newcastle,West Ham,0,2,A,0,1,A,West Ham,0,0,C Pawson
E0,29/11/2024,20:00,Brighton,Southampton,1,1,D,1,0,H,Draw,0,0,R Jones
E0,30/11/2024,15:00,Brentford,Leicester,4,1,H,3,1,H,Brentford,0,0,M Oliver
E0,30/11/2024,15:00,Crystal Palace,Newcastle,1,1,D,0,0,D,Draw,0,0,D England
E0,30/11/2024,15:00,Nott'm Forest,Ipswich,1,0,H,0,0,D,Nott'm Forest,0,0,T Harrington
E0,30/11/2024,15:00,Wolves,Bournemouth,2,4,A,1,3,A,Bournemouth,0,0,P Bankes
E0,30/11/2024,17:30,West Ham,Arsenal,2,5,A,2,5,A,Arsenal,0,0,A Taylor
E0,01/12/2024,13:30,Chelsea,Aston Villa,3,0,H,2,0,H,Chelsea,0,0,S Attwell
E0,01/12/2024,13:30,Man United,Everton,4,0,H,2,0,H,Man United,0,0,J Brooks
E0,01/12/2024,13:30,Tottenham,Fulham,1,1,D,0,0,D,Draw,0,0,D Bond
E0,01/12/2024,16:00,Liverpool,Man City,2,0,H,1,0,H,Liverpool,0,0,C Kavanagh
E0,03/12/2024,19:30,Ipswich,Crystal Palace,0,1,A,0,0,D,Crystal Palace,0,0,C Pawson
E0,03/12/2024,20:15,Leicester,West Ham,3,1,H,1,0,H,Leicester,0,0,J Smith
E0,04/12/2024,19:30,Everton,Wolves,4,0,H,2,0,H,Everton,0,0,M Salisbury
E0,04/12/2024,19:30,Man City,Nott'm Forest,3,0,H,2,0,H,Man City,0,0,M Oliver
E0,04/12/2024,19:30,Newcastle,Liverpool,3,3,D,1,0,H,Draw,0,0,A Madley
E0,04/12/2024,19:30,Southampton,Chelsea,1,5,A,1,3,A,Chelsea,0,0,T Harrington
E0,04/12/2024,20:15,Arsenal,Man United,2,0,H,0,0,D,Arsenal,0,0,S Barrott
E0,04/12/2024,20:15,Aston Villa,Brentford,3,1,H,3,0,H,Aston Villa,0,0,L Smith
E0,05/12/2024,19:30,Fulham,Brighton,3,1,H,1,0,H,Fulham,0,0,P Bankes
E0,05/12/2024,20:15,Bournemouth,Tottenham,1,0,H,1,0,H,Bournemouth,0,0,S Hooper
E0,07/12/2024,15:00,Aston Villa,Southampton,1,0,H,1,0,H,Aston Villa,0,0,D Bond
E0,07/12/2024,15:00,Brentford,Newcastle,4,2,H,2,2,D,Brentford,0,0,T Robinson
E0,07/12/2024,15:00,Crystal Palace,Man City,2,2,D,1,1,D,Draw,0,0,R Jones
E0,07/12/2024,17:30,Man United,Nott'm Forest,2,3,A,1,1,D,Nott'm Forest,0,0,D England
E0,08/12/2024,14:00,Fulham,Arsenal,1,1,D,1,0,H,Draw,0,0,C Kavanagh
E0,08/12/2024,14:00,Ipswich,Bournemouth,1,2,A,1,0,H,Bournemouth,0,1,M Salisbury
E0,08/12/2024,14:00,Leicester,Brighton,2,2,D,0,1,A,Draw,0,0,S Attwell
E0,08/12/2024,16:30,Tottenham,Chelsea,3,4,A,2,1,H,Chelsea,0,1,A Taylor
E0,09/12/2024,20:00,West Ham,Wolves,2,1,H,0,0,D,West Ham,0,0,J Brooks
E0,14/12/2024,15:00,Arsenal,Everton,0,0,D,0,0,D,Draw,0,0,C Pawson
E0,14/12/2024,15:00,Liverpool,Fulham,2,2,D,0,1,A,Draw,0,0,T Harrington
E0,14/12/2024,15:00,Newcastle,Leicester,4,0,H,1,0,H,Newcastle,0,0,T Bramall
E0,14/12/2024,15:00,Wolves,Ipswich,1,2,A,0,1,A,Ipswich,0,0,S Hooper
E0,14/12/2024,17:30,Nott'm Forest,Aston Villa,2,1,H,0,0,D,Nott'm Forest,0,0,S Barrott
E0,15/12/2024,14:00,Brighton,Crystal Palace,1,3,A,0,2,A,Crystal Palace,0,0,M Oliver
E0,15/12/2024,16:30,Man City,Man United,1,2,A,1,0,H,Man United,0,1,A Taylor
E0,15/12/2024,19:00,Chelsea,Brentford,2,1,H,1,0,H,Chelsea,0,0,P Bankes
E0,15/12/2024,19:00,Southampton,Tottenham,0,5,A,0,5,A,Tottenham,0,0,D England
E0,16/12/2024,20:00,Bournemouth,West Ham,1,1,D,0,0,D,Draw,0,0,C Kavanagh
E0,21/12/2024,12:30,Aston Villa,Man City,2,1,H,1,0,H,Aston Villa,0,0,P Bankes
E0,21/12/2024,15:00,Brentford,Nott'm Forest,0,2,A,0,1,A,Nott'm Forest,0,0,M Oliver
E0,21/12/2024,15:00,Ipswich,Newcastle,0,4,A,0,3,A,Newcastle,0,0,S Attwell
E0,21/12/2024,15:00,West Ham,Brighton,1,1,D,0,0,D,Draw,0,0,R Jones
E0,21/12/2024,17:30,Crystal Palace,Arsenal,1,5,A,1,3,A,Arsenal,0,0,S Hooper
E0,22/12/2024,14:00,Everton,Chelsea,0,0,D,0,0,D,Draw,0,0,C Kavanagh
E0,22/12/2024,14:00,Fulham,Southampton,0,0,D,0,0,D,Draw,0,0,T Robinson
E0,22/12/2024,14:00,Leicester,Wolves,0,3,A,0,3,A,Wolves,0,0,A Taylor
E0,22/12/2024,14:00,Man United,Bournemouth,0,3,A,0,1,A,Bournemouth,0,0,C Pawson
E0,22/12/2024,16:30,Tottenham,Liverpool,3,6,A,1,3,A,Liverpool,0,0,S Barrott
E0,26/12/2024,12:30,Man City,Everton,1,1,D,1,1,D,Draw,0,0,S Hooper
E0,26/12/2024,15:00,Bournemouth,Crystal Palace,0,0,D,0,0,D,Draw,0,0,T Bramall
E0,26/12/2024,15:00,Chelsea,Fulham,1,2,A,1,0,H,Fulham,0,1,S Barrott
E0,26/12/2024,15:00,Newcastle,Aston Villa,3,0,H,1,0,H,Newcastle,0,0,A Taylor
E0,26/12/2024,15:00,Nott'm Forest,Tottenham,1,0,H,1,0,H,Nott'm Forest,0,0,C Pawson
E0,26/12/2024,15:00,Southampton,West Ham,0,1,A,0,0,D,West Ham,0,0,L Smith
E0,26/12/2024,17:30,Wolves,Man United,2,0,H,0,0,D,Wolves,0,0,T Harrington
E0,26/12/2024,20:00,Liverpool,Leicester,3,1,H,1,1,D,Liverpool,0,0,D Bond
E0,27/12/2024,19:30,Brighton,Brentford,0,0,D,0,0,D,Draw,0,0,A Madley
E0,27/12/2024,20:15,Arsenal,Ipswich,1,0,H,1,0,H,Arsenal,0,0,D England
E0,29/12/2024,14:30,Leicester,Man City,0,2,A,0,1,A,Man City,0,0,M Oliver
E0,29/12/2024,15:00,Crystal Palace,Southampton,2,1,H,1,1,D,Crystal Palace,0,0,M Salisbury
E0,29/12/2024,15:00,Everton,Nott'm Forest,0,2,A,0,1,A,Nott'm Forest,0,0,T Harrington
E0,29/12/2024,15:00,Fulham,Bournemouth,2,2,D,1,0,H,Draw,0,0,R Jones
E0,29/12/2024,15:00,Tottenham,Wolves,2,2,D,2,1,H,Draw,0,0,C Kavanagh
E0,29/12/2024,17:15,West Ham,Liverpool,0,5,A,0,3,A,Liverpool,0,0,A Taylor
E0,30/12/2024,19:45,Aston Villa,Brighton,,,,,,,,,,
E0,30/12/2024,19:45,Ipswich,Chelsea,,,,,,,,,,
E0,30/12/2024,20:00,Man United,Newcastle,,,,,,,,,,
E0,01/01/2025,17:30,Brentford,Arsenal,,,,,,,,,,
E0,04/01/2025,12:30,Tottenham,Newcastle,,,,,,,,,,
E0,04/01/2025,15:00,Southampton,Brentford,,,,,,,,,,
E0,04/01/2025,15:00,Bournemouth,Everton,,,,,,,,,,
E0,04/01/2025,15:00,Crystal Palace,Chelsea,,,,,,,,,,
E0,04/01/2025,15:00,Man City,West Ham,,,,,,,,,,
E0,04/01/2025,15:00,Aston Villa,Leicester,,,,,,,,,,
E0,04/01/2025,17:30,Brighton,Arsenal,,,,,,,,,,
E0,05/01/2025,14:00,Fulham,Ipswich,,,,,,,,,,
E0,05/01/2025,16:30,Liverpool,Man United,,,,,,,,,,
E0,06/01/2025,20:00,Wolves,Nott'm Forest,,,,,,,,,,
E0,14/01/2025,19:30,Brentford,Man City,,,,,,,,,,
E0,14/01/2025,19:30,West Ham,Fulham,,,,,,,,,,
E0,14/01/2025,19:30,Chelsea,Bournemouth,,,,,,,,,,
E0,14/01/2025,20:00,Nott'm Forest,Liverpool,,,,,,,,,,
E0,15/01/2025,19:30,Everton,Aston Villa,,,,,,,,,,
E0,15/01/2025,19:30,Newcastle,Wolves,,,,,,,,,,
E0,15/01/2025,19:30,Leicester,Crystal Palace,,,,,,,,,,
E0,15/01/2025,20:00,Arsenal,Tottenham,,,,,,,,,,
E0,16/01/2025,19:30,Ipswich,Brighton,,,,,,,,,,
E0,16/01/2025,20:00,Man United,Southampton,,,,,,,,,,
E0,18/01/2025,12:30,Newcastle,Bournemouth,,,,,,,,,,
E0,18/01/2025,15:00,West Ham,Crystal Palace,,,,,,,,,,
E0,18/01/2025,15:00,Brentford,Liverpool,,,,,,,,,,
E0,18/01/2025,15:00,Leicester,Fulham,,,,,,,,,,
E0,18/01/2025,17:30,Arsenal,Aston Villa,,,,,,,,,,
E0,19/01/2025,14:00,Man United,Brighton,,,,,,,,,,
E0,19/01/2025,14:00,Nott'm Forest,Southampton,,,,,,,,,,
E0,19/01/2025,14:00,Everton,Tottenham,,,,,,,,,,
E0,19/01/2025,16:30,Ipswich,Man City,,,,,,,,,,
E0,20/01/2025,20:00,Chelsea,Wolves,,,,,,,,,,
E0,25/01/2025,15:00,Wolves,Arsenal,,,,,,,,,,
E0,25/01/2025,15:00,Southampton,Newcastle,,,,,,,,,,
E0,25/01/2025,15:00,Brighton,Everton,,,,,,,,,,
E0,25/01/2025,15:00,Liverpool,Ipswich,,,,,,,,,,
E0,25/01/2025,15:00,Bournemouth,Nott'm Forest,,,,,,,,,,
E0,25/01/2025,17:30,Man City,Chelsea,,,,,,,,,,
E0,26/01/2025,14:00,Crystal Palace,Brentford,,,,,,,,,,
E0,26/01/2025,14:00,Tottenham,Leicester,,,,,,,,,,
E0,26/01/2025,16:30,Aston Villa,West Ham,,,,,,,,,,
E0,26/01/2025,19:00,Fulham,Man United,,,,,,,,,,
E0,01/02/2025,15:00,Ipswich,Southampton,,,,,,,,,,
E0,01/02/2025,15:00,Arsenal,Man City,,,,,,,,,,
E0,01/02/2025,15:00,Everton,Leicester,,,,,,,,,,
E0,01/02/2025,15:00,Newcastle,Fulham,,,,,,,,,,
E0,01/02/2025,15:00,Wolves,Aston Villa,,,,,,,,,,
E0,01/02/2025,15:00,Brentford,Tottenham,,,,,,,,,,
E0,01/02/2025,15:00,Man United,Crystal Palace,,,,,,,,,,
E0,01/02/2025,15:00,Bournemouth,Liverpool,,,,,,,,,,
E0,01/02/2025,15:00,Nott'm Forest,Brighton,,,,,,,,,,
E0,01/02/2025,15:00,Chelsea,West Ham,,,,,,,,,,
E0,15/02/2025,15:00,Aston Villa,Ipswich,,,,,,,,,,
E0,15/02/2025,15:00,Tottenham,Man United,,,,,,,,,,
E0,15/02/2025,15:00,Crystal Palace,Everton,,,,,,,,,,
E0,15/02/2025,15:00,Fulham,Nott'm Forest,,,,,,,,,,
E0,15/02/2025,15:00,Liverpool,Wolves,,,,,,,,,,
E0,15/02/2025,15:00,West Ham,Brentford,,,,,,,,,,
E0,15/02/2025,15:00,Man City,Newcastle,,,,,,,,,,
E0,15/02/2025,15:00,Leicester,Arsenal,,,,,,,,,,
E0,15/02/2025,15:00,Southampton,Bournemouth,,,,,,,,,,
E0,15/02/2025,15:00,Brighton,Chelsea,,,,,,,,,,
E0,22/02/2025,15:00,Aston Villa,Chelsea,,,,,,,,,,
E0,22/02/2025,15:00,Fulham,Crystal Palace,,,,,,,,,,
E0,22/02/2025,15:00,Ipswich,Tottenham,,,,,,,,,,
E0,22/02/2025,15:00,Newcastle,Nott'm Forest,,,,,,,,,,
E0,22/02/2025,15:00,Bournemouth,Wolves,,,,,,,,,,
E0,22/02/2025,15:00,Leicester,Brentford,,,,,,,,,,
E0,22/02/2025,15:00,Arsenal,West Ham,,,,,,,,,,
E0,22/02/2025,15:00,Man City,Liverpool,,,,,,,,,,
E0,22/02/2025,15:00,Everton,Man United,,,,,,,,,,
E0,22/02/2025,15:00,Southampton,Brighton,,,,,,,,,,
E0,25/02/2025,19:45,West Ham,Leicester,,,,,,,,,,
E0,25/02/2025,19:45,Brentford,Everton,,,,,,,,,,
E0,25/02/2025,19:45,Tottenham,Man City,,,,,,,,,,
E0,25/02/2025,19:45,Wolves,Fulham,,,,,,,,,,
E0,25/02/2025,19:45,Nott'm Forest,Arsenal,,,,,,,,,,
E0,25/02/2025,19:45,Brighton,Bournemouth,,,,,,,,,,
E0,25/02/2025,20:00,Crystal Palace,Aston Villa,,,,,,,,,,
E0,26/02/2025,19:45,Chelsea,Southampton,,,,,,,,,,
E0,26/02/2025,20:00,Liverpool,Newcastle,,,,,,,,,,
E0,26/02/2025,20:00,Man United,Ipswich,,,,,,,,,,
E0,08/03/2025,15:00,Liverpool,Southampton,,,,,,,,,,
E0,08/03/2025,15:00,Chelsea,Leicester,,,,,,,,,,
E0,08/03/2025,15:00,Wolves,Everton,,,,,,,,,,
E0,08/03/2025,15:00,West Ham,Newcastle,,,,,,,,,,
E0,08/03/2025,15:00,Tottenham,Bournemouth,,,,,,,,,,
E0,08/03/2025,15:00,Man United,Arsenal,,,,,,,,,,
E0,08/03/2025,15:00,Crystal Palace,Ipswich,,,,,,,,,,
E0,08/03/2025,15:00,Nott'm Forest,Man City,,,,,,,,,,
E0,08/03/2025,15:00,Brighton,Fulham,,,,,,,,,,
E0,08/03/2025,15:00,Brentford,Aston Villa,,,,,,,,,,
E0,15/03/2025,15:00,Arsenal,Chelsea,,,,,,,,,,
E0,15/03/2025,15:00,Aston Villa,Liverpool,,,,,,,,,,
E0,15/03/2025,15:00,Fulham,Tottenham,,,,,,,,,,
E0,15/03/2025,15:00,Newcastle,Crystal Palace,,,,,,,,,,
E0,15/03/2025,15:00,Leicester,Man United,,,,,,,,,,
E0,15/03/2025,15:00,Man City,Brighton,,,,,,,,,,
E0,15/03/2025,15:00,Ipswich,Nott'm Forest,,,,,,,,,,
E0,15/03/2025,15:00,Everton,West Ham,,,,,,,,,,
E0,15/03/2025,15:00,Southampton,Wolves,,,,,,,,,,
E0,15/03/2025,15:00,Bournemouth,Brentford,,,,,,,,,,
E0,01/04/2025,19:45,Brighton,Aston Villa,,,,,,,,,,
E0,01/04/2025,19:45,Bournemouth,Ipswich,,,,,,,,,,
E0,01/04/2025,19:45,Wolves,West Ham,,,,,,,,,,
E0,01/04/2025,19:45,Arsenal,Fulham,,,,,,,,,,
E0,01/04/2025,19:45,Nott'm Forest,Man United,,,,,,,,,,
E0,02/04/2025,19:45,Southampton,Crystal Palace,,,,,,,,,,
E0,02/04/2025,19:45,Chelsea,Tottenham,,,,,,,,,,
E0,02/04/2025,19:45,Man City,Leicester,,,,,,,,,,
E0,02/04/2025,19:45,Newcastle,Brentford,,,,,,,,,,
E0,02/04/2025,20:00,Liverpool,Everton,,,,,,,,,,
E0,05/04/2025,15:00,West Ham,Bournemouth,,,,,,,,,,
E0,05/04/2025,15:00,Man United,Man City,,,,,,,,,,
E0,05/04/2025,15:00,Brentford,Chelsea,,,,,,,,,,
E0,05/04/2025,15:00,Aston Villa,Nott'm Forest,,,,,,,,,,
E0,05/04/2025,15:00,Everton,Arsenal,,,,,,,,,,
E0,05/04/2025,15:00,Fulham,Liverpool,,,,,,,,,,
E0,05/04/2025,15:00,Ipswich,Wolves,,,,,,,,,,
E0,05/04/2025,15:00,Leicester,Newcastle,,,,,,,,,,
E0,05/04/2025,15:00,Crystal Palace,Brighton,,,,,,,,,,
E0,05/04/2025,15:00,Tottenham,Southampton,,,,,,,,,,
E0,12/04/2025,15:00,Bournemouth,Fulham,,,,,,,,,,
E0,12/04/2025,15:00,Newcastle,Man United,,,,,,,,,,
E0,12/04/2025,15:00,Arsenal,Brentford,,,,,,,,,,
E0,12/04/2025,15:00,Liverpool,West Ham,,,,,,,,,,
E0,12/04/2025,15:00,Wolves,Tottenham,,,,,,,,,,
E0,12/04/2025,15:00,Brighton,Leicester,,,,,,,,,,
E0,12/04/2025,15:00,Man City,Crystal Palace,,,,,,,,,,
E0,12/04/2025,15:00,Nott'm Forest,Everton,,,,,,,,,,
E0,12/04/2025,15:00,Chelsea,Ipswich,,,,,,,,,,
E0,12/04/2025,15:00,Southampton,Aston Villa,,,,,,,,,,
E0,19/04/2025,15:00,Leicester,Liverpool,,,,,,,,,,
E0,19/04/2025,15:00,Ipswich,Arsenal,,,,,,,,,,
E0,19/04/2025,15:00,Brentford,Brighton,,,,,,,,,,
E0,19/04/2025,15:00,Aston Villa,Newcastle,,,,,,,,,,
E0,19/04/2025,15:00,Tottenham,Nott'm Forest,,,,,,,,,,
E0,19/04/2025,15:00,West Ham,Southampton,,,,,,,,,,
E0,19/04/2025,15:00,Crystal Palace,Bournemouth,,,,,,,,,,
E0,19/04/2025,15:00,Everton,Man City,,,,,,,,,,
E0,19/04/2025,15:00,Fulham,Chelsea,,,,,,,,,,
E0,19/04/2025,15:00,Man United,Wolves,,,,,,,,,,
E0,26/04/2025,15:00,Chelsea,Everton,,,,,,,,,,
E0,26/04/2025,15:00,Wolves,Leicester,,,,,,,,,,
E0,26/04/2025,15:00,Newcastle,Ipswich,,,,,,,,,,
E0,26/04/2025,15:00,Man City,Aston Villa,,,,,,,,,,
E0,26/04/2025,15:00,Liverpool,Tottenham,,,,,,,,,,
E0,26/04/2025,15:00,Arsenal,Crystal Palace,,,,,,,,,,
E0,26/04/2025,15:00,Bournemouth,Man United,,,,,,,,,,
E0,26/04/2025,15:00,Southampton,Fulham,,,,,,,,,,
E0,26/04/2025,15:00,Nott'm Forest,Brentford,,,,,,,,,,
E0,26/04/2025,15:00,Brighton,West Ham,,,,,,,,,,
E0,03/05/2025,15:00,Chelsea,Liverpool,,,,,,,,,,
E0,03/05/2025,15:00,Brentford,Man United,,,,,,,,,,
E0,03/05/2025,15:00,Man City,Wolves,,,,,,,,,,
E0,03/05/2025,15:00,West Ham,Tottenham,,,,,,,,,,
E0,03/05/2025,15:00,Crystal Palace,Nott'm Forest,,,,,,,,,,
E0,03/05/2025,15:00,Arsenal,Bournemouth,,,,,,,,,,
E0,03/05/2025,15:00,Everton,Ipswich,,,,,,,,,,
E0,03/05/2025,15:00,Aston Villa,Fulham,,,,,,,,,,
E0,03/05/2025,15:00,Brighton,Newcastle,,,,,,,,,,
E0,03/05/2025,15:00,Leicester,Southampton,,,,,,,,,,
E0,10/05/2025,15:00,Liverpool,Arsenal,,,,,,,,,,
E0,10/05/2025,15:00,Southampton,Man City,,,,,,,,,,
E0,10/05/2025,15:00,Tottenham,Crystal Palace,,,,,,,,,,
E0,10/05/2025,15:00,Fulham,Everton,,,,,,,,,,
E0,10/05/2025,15:00,Newcastle,Chelsea,,,,,,,,,,
E0,10/05/2025,15:00,Nott'm Forest,Leicester,,,,,,,,,,
E0,10/05/2025,15:00,Man United,West Ham,,,,,,,,,,
E0,10/05/2025,15:00,Bournemouth,Aston Villa,,,,,,,,,,
E0,10/05/2025,15:00,Ipswich,Brentford,,,,,,,,,,
E0,10/05/2025,15:00,Wolves,Brighton,,,,,,,,,,
E0,18/05/2025,15:00,Brentford,Fulham,,,,,,,,,,
E0,18/05/2025,15:00,Arsenal,Newcastle,,,,,,,,,,
E0,18/05/2025,15:00,Brighton,Liverpool,,,,,,,,,,
E0,18/05/2025,15:00,Leicester,Ipswich,,,,,,,,,,
E0,18/05/2025,15:00,West Ham,Nott'm Forest,,,,,,,,,,
E0,18/05/2025,15:00,Everton,Southampton,,,,,,,,,,
E0,18/05/2025,15:00,Aston Villa,Tottenham,,,,,,,,,,
E0,18/05/2025,15:00,Chelsea,Man United,,,,,,,,,,
E0,18/05/2025,15:00,Man City,Bournemouth,,,,,,,,,,
E0,18/05/2025,15:00,Crystal Palace,Wolves,,,,,,,,,,
E0,25/05/2025,16:00,Southampton,Arsenal,,,,,,,,,,
E0,25/05/2025,16:00,Liverpool,Crystal Palace,,,,,,,,,,
E0,25/05/2025,16:00,Ipswich,West Ham,,,,,,,,,,
E0,25/05/2025,16:00,Bournemouth,Leicester,,,,,,,,,,
E0,25/05/2025,16:00,Newcastle,Everton,,,,,,,,,,
E0,25/05/2025,16:00,Fulham,Man City,,,,,,,,,,
E0,25/05/2025,16:00,Nott'm Forest,Chelsea,,,,,,,,,,
E0,25/05/2025,16:00,Man United,Aston Villa,,,,,,,,,,
E0,25/05/2025,16:00,Wolves,Brentford,,,,,,,,,,
E0,25/05/2025,16:00,Tottenham,Brighton,,,,,,,,,,
